epoch,pbs_phase,phase_index,phase_epoch,phase_start_epoch,phase_end_epoch,obj_ratio,fixed_ratio,sampled_total,sampled_obj,sampled_fixed,sampled_benign,sampled_malware,train_loss,train_accuracy,train_precision,train_recall,train_f1,train_roc_auc,train_pr_auc,train_tp,train_fp,train_tn,train_fn,val_loss,val_accuracy,val_precision,val_recall,val_f1,val_roc_auc,val_pr_auc,val_tp,val_fp,val_tn,val_fn
1,obj_warmup,0,1,1,2,0.8,0.2,800,640,160,593,207,0.705,0.715,0.645,0.585,0.613537,0.745,0.545,117,62,532,110,0.775,0.672,0.608,0.538,0.570862,0.712,0.479,67,38,710,84
2,obj_warmup,0,2,1,2,0.8,0.2,800,640,160,586,214,0.65,0.75,0.68,0.63,0.654046,0.78,0.6,129,58,554,101,0.73,0.704,0.636,0.576,0.604515,0.744,0.528,74,35,720,78
3,balanced_transition,1,1,3,4,0.5,0.5,800,400,400,579,221,0.595,0.785,0.715,0.675,0.694424,0.815,0.655,141,54,576,92,0.685,0.736,0.664,0.614,0.638022,0.776,0.577,81,32,730,72
4,balanced_transition,1,2,3,4,0.5,0.5,800,400,400,572,228,0.54,0.82,0.75,0.72,0.734694,0.85,0.71,153,50,598,83,0.64,0.768,0.692,0.652,0.671405,0.808,0.626,88,29,740,66
5,fixed_focus,2,1,5,6,0.2,0.8,800,160,640,565,235,0.485,0.855,0.785,0.765,0.774871,0.885,0.765,165,46,620,74,0.595,0.8,0.72,0.69,0.704681,0.84,0.675,95,26,750,60
6,fixed_focus,2,2,5,6,0.2,0.8,800,160,640,558,242,0.43,0.89,0.82,0.81,0.814969,0.92,0.82,177,42,642,65,0.55,0.832,0.748,0.728,0.737864,0.872,0.724,102,23,760,54
