pbs_phase,start_epoch,end_epoch,num_epochs,obj_ratio,fixed_ratio,sampled_obj,sampled_fixed,train_precision_start,train_precision_end,train_precision_delta,train_precision_mean,train_precision_max,train_recall_start,train_recall_end,train_recall_delta,train_recall_mean,train_recall_max,train_f1_start,train_f1_end,train_f1_delta,train_f1_mean,train_f1_max,train_pr_auc_start,train_pr_auc_end,train_pr_auc_delta,train_pr_auc_mean,train_pr_auc_max,val_precision_start,val_precision_end,val_precision_delta,val_precision_mean,val_precision_max,val_recall_start,val_recall_end,val_recall_delta,val_recall_mean,val_recall_max,val_f1_start,val_f1_end,val_f1_delta,val_f1_mean,val_f1_max,val_pr_auc_start,val_pr_auc_end,val_pr_auc_delta,val_pr_auc_mean,val_pr_auc_max
obj_warmup,1,2,2,0.8,0.2,1280,320,0.645,0.68,0.03500000000000003,0.6625000000000001,0.68,0.585,0.63,0.04500000000000004,0.6074999999999999,0.63,0.613537,0.654046,0.04050900000000002,0.6337915000000001,0.654046,0.545,0.6,0.05499999999999994,0.5725,0.6,0.608,0.636,0.028000000000000025,0.622,0.636,0.538,0.576,0.03799999999999992,0.5569999999999999,0.576,0.570862,0.604515,0.033653000000000044,0.5876885000000001,0.604515,0.479,0.528,0.049000000000000044,0.5035000000000001,0.528
balanced_transition,3,4,2,0.5,0.5,800,800,0.715,0.75,0.03500000000000003,0.7324999999999999,0.75,0.675,0.72,0.04499999999999993,0.6975,0.72,0.694424,0.734694,0.04026999999999992,0.7145589999999999,0.734694,0.655,0.71,0.05499999999999994,0.6825,0.71,0.664,0.692,0.027999999999999914,0.6779999999999999,0.692,0.614,0.652,0.038000000000000034,0.633,0.652,0.638022,0.671405,0.03338300000000005,0.6547135,0.671405,0.577,0.626,0.049000000000000044,0.6014999999999999,0.626
fixed_focus,5,6,2,0.2,0.8,320,1280,0.785,0.82,0.03499999999999992,0.8025,0.82,0.765,0.81,0.04500000000000004,0.7875000000000001,0.81,0.774871,0.814969,0.04009800000000008,0.7949200000000001,0.814969,0.765,0.82,0.05499999999999994,0.7925,0.82,0.72,0.748,0.028000000000000025,0.734,0.748,0.69,0.728,0.038000000000000034,0.709,0.728,0.704681,0.737864,0.03318299999999996,0.7212725,0.737864,0.675,0.724,0.04899999999999993,0.6995,0.724
